84.985835|-38.974915|9110| |-230.34
193.904408|47.800545|9111| |-198.49
85.514074|-22.986808|9112| |-270.47
185.247254|10.482299|9113| |-159.22
249.144011|-79.719853|9114| |-114.24
21.323029|54.190215|9115| |-41.61
10.977798|-27.057092|9116| |-252.56
73.210946|62.206702|9117| |-298.08
280.123574|-11.018187|9118| |-48.06
47.441704|-1.464632|9119| |-95.22
184.020420|63.903393|9120| |5.13
257.952548|-61.099366|9121| |-253.63
188.958056|29.405000|9122| |-144.10
140.780083|19.799055|9123| |-175.62
209.450098|-39.033606|9124| |-103.93
288.692841|-89.649192|9125| |-200.42
168.940914|-83.934950|9126| |-161.52
47.987921|-57.391736|9127| |-87.53
308.674157|47.736805|9128| |-240.17
146.029124|2.564644|9129| |-46.65
198.686655|85.965293|9130| |-100.82
269.155828|-3.916162|9131| |-212.11
44.919501|35.977648|9132| |-197.03
52.504965|-55.867235|9133| |-68.92
205.178134|-49.748624|9134| |-252.87
276.144039|-85.679294|9135| |-133.88
224.217237|63.046101|9136| |-288.47
93.445612|59.643136|9137| |-19.92
344.267717|81.015058|9138| |-51.42
86.254590|43.375682|9139| |-79.18
184.226883|-65.424522|9140| |-44.23
213.950619|74.349461|9141| |-245.07
101.420193|-12.102696|9142| |-175.57
125.710732|-48.823888|9143| |-62.92
52.340446|-53.265256|9144| |-174.40
213.762271|-7.209394|9145| |-105.68
296.154091|67.085537|9146| |-182.17
230.708713|63.890164|9147| |-73.75
258.014423|-77.895113|9148| |-158.09
40.647795|-15.195300|9149| |-220.58
187.406763|85.666531|9150| |-44.85
193.303152|25.527409|9151| |-98.74
299.368888|-83.161398|9152| |-0.54
148.007395|69.886885|9153| |-129.67
239.287251|75.569840|9154| |-109.86
87.949780|-6.239396|9155| |-137.68
114.405540|-77.736072|9156| |-247.18
34.265002|-13.115249|9157| |-63.92
80.554855|49.251594|9158| |-290.90
349.364863|-26.688289|9159| |-270.02
312.442563|-11.831480|9160| |-156.20
35.739282|-68.260564|9161| |-139.59
216.505820|18.922016|9162| |-99.71
80.193183|-14.131090|9163| |-247.37
245.379514|-77.128462|9164| |-70.67
296.716091|40.507509|9165| |-23.93
61.902296|-87.749852|9166| |-208.63
114.812538|-70.470171|9167| |-241.12
132.844203|47.046129|9168| |-23.62
202.380724|57.119367|9169| |-207.02
344.662887|63.699656|9170| |-3.43
250.274974|72.262688|9171| |-153.09
25.686208|-23.305672|9172| |-270.15
251.969926|26.719184|9173| |-263.71
94.814006|-0.353424|9174| |-67.51
255.718692|-38.065382|9175| |2.34
159.175226|-68.121219|9176| |-4.91
256.926376|85.007445|9177| |10.34
206.297630|-71.450700|9178| |-189.47
142.186626|-65.151460|9179| |-31.68
153.979172|36.113410|9180| |-72.79
292.259890|-32.541694|9181| |-257.19
211.480460|16.610127|9182| |-103.37
335.406094|-22.640545|9183| |-56.96
257.050047|-47.658149|9184| |-74.56
268.936834|-7.963553|9185| |-180.79
333.251308|58.634324|9186| |6.20
54.337673|74.325095|9187| |-131.58
157.225278|-86.015770|9188| |-28.17
289.873746|79.179949|9189| |-207.38
239.350295|-89.184068|9190| |5.11
232.975884|16.163355|9191| |-157.54
319.459073|40.928889|9192| |-113.51
273.031606|40.200812|9193| |-159.36
237.928699|57.118281|9194| |-171.72
197.246402|-62.118633|9195| |5.28
146.695244|-69.704694|9196| |-191.76
200.225725|21.478958|9197| |10.12
313.929642|80.515238|9198| |-222.30
312.815980|54.936436|9199| |-105.78
301.089080|-6.233876|9200| |-50.41
209.612314|-56.963844|9201| |-47.69
127.490505|28.031271|9202| |-113.34
153.895668|79.154004|9203| |0.15
19.057513|1.862763|9204| |-91.23
23.028532|-69.577878|9205| |-262.45
154.694788|19.811922|9206| |-290.72
193.878805|-61.193453|9207| |-87.12
100.234190|-28.473075|9208| |-224.93
286.057906|10.453014|9209| |-273.71
163.161978|28.924536|9210| |-199.71
344.956513|10.795230|9211| |-199.49
189.019802|-16.462864|9212| |-103.58
165.959361|28.554820|9213| |-128.88
210.057899|67.617228|9214| |-169.62
34.836319|-44.392546|9215| |-72.19
209.548599|33.955341|9216| |-68.46
187.023014|50.522553|9217| |13.79
245.260199|79.012950|9218| |-204.58
137.078910|69.750172|9219| |-137.66
338.419573|-89.688738|9220| |-239.15
180.842083|-18.811019|9221| |-42.05
281.740730|-28.300793|9222| |-181.28
116.715711|-13.154071|9223| |-219.68
151.077153|-10.521171|9224| |-135.12
264.332548|14.534701|9225| |-55.63
48.652693|27.118803|9226| |-233.34
108.268584|-88.269072|9227| |-121.38
229.669000|48.608542|9228| |-211.40
128.731998|37.388749|9229| |-226.80
156.250718|17.718834|9230| |-52.39
267.844035|51.344900|9231| |-207.82
290.469533|-28.180532|9232| |-64.22
322.394071|-23.064702|9233| |-144.85
235.849314|-59.220476|9234| |-100.32
10.866734|32.690231|9235| |-143.70
133.397087|-51.917740|9236| |6.27
36.937173|-50.115846|9237| |-38.27
107.938536|-24.991992|9238| |-105.38
318.535257|-5.541441|9239| |-33.00
166.757131|-44.995895|9240| |-250.83
187.161625|-39.257140|9241| |-99.32
194.122538|-21.084865|9242| |-7.01
164.857269|31.395245|9243| |-252.76
199.025617|-14.455403|9244| |-94.47
249.135534|26.879619|9245| |-38.16
53.237854|-67.144879|9246| |-141.43
283.004163|7.248996|9247| |-3.22
182.271138|-34.111565|9248| |-42.57
334.075136|80.228171|9249| |-181.99
45.252560|55.463081|9250| |-139.80
44.005285|62.779913|9251| |-259.67
319.110951|74.885738|9252| |-108.92
78.886820|34.472719|9253| |-214.81
127.220804|16.630624|9254| |-251.46
38.974106|-49.577991|9255| |-294.84
336.147826|-25.542855|9256| |-296.29
341.332973|31.876595|9257| |-265.34
235.459507|-69.133561|9258| |-266.11
37.969907|-89.004131|9259| |-175.99
121.103259|44.707265|9260| |-85.31
55.546886|-44.909870|9261| |-158.45
220.833438|60.017287|9262| |-184.71
234.193798|-55.286717|9263| |-34.73
336.604749|-31.790719|9264| |-177.99
243.747500|-30.206641|9265| |-160.47
14.627488|29.372912|9266| |-46.57
97.440092|58.105987|9267| |-214.54
3.063445|-13.063089|9268| |-42.96
178.316402|-86.261171|9269| |0.93
80.567728|43.937877|9270| |-94.82
123.007571|-26.709588|9271| |-178.09
283.092535|-56.027809|9272| |-298.43
98.872575|-17.968355|9273| |-283.55
20.533664|79.328787|9274| |-141.38
40.339574|11.543702|9275| |-70.32
45.944052|47.346539|9276| |-14.84
161.170135|55.484588|9277| |-229.07
145.525941|-15.400414|9278| |-223.52
256.847829|-6.470253|9279| |-121.73
41.516476|-66.121348|9280| |-297.34
37.153634|-82.971984|9281| |-281.69
44.013669|27.964197|9282| |-13.34
34.912803|-23.103258|9283| |-175.32
239.280109|24.469168|9284| |-136.57
149.278975|-4.149835|9285| |-107.54
311.103059|-86.468260|9286| |-118.95
180.391907|-34.919551|9287| |-102.50
239.864289|-40.586459|9288| |-205.04
341.864415|76.511907|9289| |-112.16
248.891512|68.231947|9290| |-98.40
339.653258|24.420340|9291| |-168.72
18.177850|-74.820728|9292| |-207.97
51.984830|72.555577|9293| |-120.67
29.180386|4.420534|9294| |14.74
219.938800|-68.791860|9295| |-81.37
60.758435|73.084206|9296| |-10.46
114.280293|-82.642700|9297| |-93.75
71.093962|-62.821511|9298| |-299.72
133.713064|67.830589|9299| |-27.89
207.344609|-38.517648|9300| |-270.44
104.180821|14.747965|9301| |-104.35
189.476931|26.243612|9302| |3.34
24.898200|11.877648|9303| |-32.46
2.529105|17.997501|9304| |-170.79
348.071776|-85.856375|9305| |-260.93
291.450267|-45.446661|9306| |-111.23
350.618417|-34.651803|9307| |-269.64
223.801438|33.444277|9308| |-233.03
116.722388|-80.863049|9309| |-132.36
24.383964|31.298894|9310| |-80.15
203.475355|-27.034596|9311| |-230.63
331.924853|37.226885|9312| |-156.45
194.055074|-88.172426|9313| |-32.22
330.064409|64.425784|9314| |-258.29
198.134394|-64.346295|9315| |-146.84
200.576305|79.598400|9316| |-29.10
212.922775|48.165298|9317| |-188.26
198.077604|-10.283391|9318| |-98.66
214.731398|8.937567|9319| |-299.67
308.481378|-39.136860|9320| |-8.19
240.061461|-40.739372|9321| |-170.75
109.655693|-79.097008|9322| |-260.85
346.899734|18.319187|9323| |9.17
105.842754|1.730775|9324| |-227.83
99.481853|23.921585|9325| |-161.06
241.378453|-0.934644|9326| |-155.98
220.580598|-34.920994|9327| |-111.58
251.961708|19.436969|9328| |-80.07
337.226668|12.309203|9329| |-40.54
74.885792|-79.355727|9330| |-9.47
13.555603|68.530181|9331| |-170.75
119.500195|80.263956|9332| |-268.53
186.088205|-8.222202|9333| |-259.25
260.468480|-60.340529|9334| |-248.94
73.401614|-58.315532|9335| |-18.77
257.605301|39.883418|9336| |-136.44
105.494127|50.722144|9337| |-253.97
163.435508|-89.975167|9338| |-196.43
358.309241|37.353508|9339| |-129.02
72.042667|24.007898|9340| |-225.88
322.388678|-71.516727|9341| |-148.37
75.136344|-71.170253|9342| |-243.15
224.850995|22.842495|9343| |-177.72
20.159785|-0.777868|9344| |-262.43
353.359771|51.817146|9345| |-23.52
115.632256|6.262232|9346| |-294.30
283.626998|23.092884|9347| |-203.14
63.065681|80.380338|9348| |-279.64
142.597779|26.203157|9349| |-104.60
137.340487|-26.981445|9350| |-144.94
254.130605|26.857822|9351| |-245.18
238.977444|-43.252441|9352| |-281.23
316.301468|-38.575358|9353| |-171.65
118.963092|-85.628516|9354| |-287.91
178.173516|10.327506|9355| |9.24
219.174975|-88.956481|9356| |-80.50
6.810769|10.059010|9357| |-295.02
169.353249|13.898210|9358| |8.06
225.170942|-59.806199|9359| |-253.60
20.915663|-53.503356|9360| |-208.05
179.065101|-33.716774|9361| |-247.44
158.938528|-87.408925|9362| |-293.88
213.113088|-48.233252|9363| |-17.89
265.773604|-38.525781|9364| |-43.58
199.593343|-81.030117|9365| |-138.36
201.099239|42.500432|9366| |-117.08
329.204248|64.475917|9367| |-158.89
312.749403|-65.772291|9368| |-133.37
97.345943|50.755234|9369| |-3.63
318.398657|43.449252|9370| |-74.72
15.928968|71.256920|9371| |-184.91
104.249736|56.441820|9372| |-180.83
194.915075|-80.681525|9373| |-188.16
133.406812|84.191947|9374| |-257.85
145.727550|-39.127346|9375| |-105.88
299.912015|-64.486320|9376| |-34.79
151.473767|-44.829445|9377| |1.03
97.596259|-84.320413|9378| |-89.85
133.262529|54.863326|9379| |-107.44
310.373376|7.194267|9380| |-92.16
32.491620|88.169115|9381| |-118.20
246.970181|-6.339651|9382| |-88.68
245.424608|3.658416|9383| |-211.13
290.126679|-63.754063|9384| |-174.20
276.097641|-80.185309|9385| |-205.30
85.442959|80.746488|9386| |12.21
128.101836|58.179672|9387| |-102.52
170.692739|-11.684457|9388| |-214.48
306.573339|-83.289782|9389| |-6.60
22.992409|26.854560|9390| |-120.42
26.271244|-68.919359|9391| |-242.76
309.209506|-10.075538|9392| |-130.15
294.453139|18.290980|9393| |-112.08
77.998938|-44.151631|9394| |-29.68
289.555374|-42.567593|9395| |-279.06
160.609212|-56.593831|9396| |-131.94
190.823297|25.807851|9397| |-167.80
329.833830|45.361478|9398| |-186.10
246.071692|20.603767|9399| |-290.99
237.012699|69.424115|9400| |-146.07
49.361943|-4.133912|9401| |-191.11
179.424405|-34.837167|9402| |-217.19
124.237313|82.529552|9403| |-149.01
222.634015|31.033710|9404| |-40.36
322.682338|-58.968352|9405| |-35.03
42.547780|65.764486|9406| |-123.32
99.747049|-89.703625|9407| |-189.57
187.882693|20.682092|9408| |-87.39
71.430618|-86.436413|9409| |-276.71
195.247860|-6.050512|9410| |-99.13
252.314950|35.464723|9411| |-82.56
248.075618|-30.387259|9412| |-115.22
82.132389|33.852373|9413| |-172.60
321.849329|-20.889311|9414| |-178.98
255.326457|81.839976|9415| |-202.23
273.210070|47.502204|9416| |-158.71
216.914506|36.372268|9417| |-0.78
245.355790|-64.878403|9418| |-97.48
24.243024|-47.322884|9419| |-130.92
111.255940|86.645947|9420| |-153.92
347.703081|47.589246|9421| |-47.06
83.363131|-16.041418|9422| |-108.24
322.071488|20.789815|9423| |-93.43
44.125822|37.390911|9424| |-31.88
323.400173|-50.340680|9425| |-12.49
248.784035|-30.615032|9426| |-240.53
296.799490|64.129790|9427| |-62.13
281.440517|-48.119705|9428| |-162.51
61.809255|-37.478672|9429| |-251.19
253.779260|-68.776942|9430| |-124.16
180.022179|71.932237|9431| |-73.84
22.573009|61.945270|9432| |-297.44
142.611106|80.708803|9433| |-172.82
259.848374|24.432758|9434| |-189.98
278.552567|-67.930225|9435| |-22.78
44.013881|-32.724771|9436| |-161.26
303.065947|66.210983|9437| |-261.61
49.174006|-55.491735|9438| |-292.02
84.350397|57.139389|9439| |-80.46
327.823785|77.180623|9440| |-208.27
30.088854|-22.583193|9441| |-32.96
112.675730|62.205052|9442| |-253.80
129.224017|-74.185080|9443| |-175.62
300.447257|-45.176109|9444| |-288.76
129.745560|14.001679|9445| |-165.53
69.366735|-2.503356|9446| |-5.96
50.770853|33.593217|9447| |-20.58
328.582900|73.739703|9448| |-274.34
188.735957|8.384965|9449| |-60.44
87.045996|-4.603099|9450| |-227.94
171.281552|-61.295303|9451| |-42.17
78.373984|-70.703446|9452| |-44.27
86.909726|50.675998|9453| |-147.76
277.188814|-77.523357|9454| |-214.87
29.571765|66.499529|9455| |-136.14
299.348510|-66.835755|9456| |-198.54
332.145730|-35.293369|9457| |-54.45
180.552190|49.532575|9458| |-8.04
62.759491|-88.342464|9459| |-20.97
122.804682|35.735611|9460| |-22.15
354.895923|-66.800716|9461| |-213.35
313.350349|-80.133805|9462| |-179.98
343.196104|-45.280230|9463| |-50.60
221.648408|-2.324948|9464| |-201.64
213.211270|-57.886970|9465| |-261.49
163.354358|4.495176|9466| |-26.74
221.232800|47.688362|9467| |-30.92
309.784352|81.233614|9468| |-51.56
43.724422|-47.880605|9469| |-20.47
315.153842|-25.712735|9470| |-6.44
51.203037|-84.779508|9471| |-181.63
155.478488|-16.981795|9472| |-277.68
188.733755|27.145443|9473| |-273.10
286.582575|6.317197|9474| |-118.98
197.163320|-26.727801|9475| |-285.60
113.566285|9.349693|9476| |-195.71
272.060340|-22.561105|9477| |-138.34
341.814956|12.821817|9478| |-77.23
159.681845|-29.138572|9479| |-140.40
196.156390|-86.645471|9480| |-6.88
146.358985|-19.972146|9481| |-75.37
271.250482|-12.333898|9482| |-154.57
233.960663|-8.790842|9483| |-206.04
25.953276|-46.971387|9484| |-283.18
151.553985|-14.508373|9485| |-79.55
289.572223|7.732005|9486| |-61.60
284.500059|54.257811|9487| |-208.04
114.189742|69.911819|9488| |-261.88
324.757780|27.416813|9489| |-147.62
276.106509|-36.007137|9490| |-238.00
243.262568|68.984181|9491| |-234.98
283.402394|-10.263762|9492| |-201.43
181.319513|-14.619585|9493| |-253.78
239.688989|28.415119|9494| |-266.25
15.851193|84.818006|9495| |-177.38
58.566348|-55.336713|9496| |-201.87
83.857638|-50.223414|9497| |-265.80
272.063938|-31.179738|9498| |-258.61
323.209945|-35.587772|9499| |-93.19
242.937946|22.136601|9500| |-12.21
40.411404|-72.782068|9501| |-216.63
163.823313|-47.812908|9502| |-102.63
321.330451|55.506153|9503| |-152.89
28.967972|-61.570430|9504| |-39.20
355.440793|-49.614425|9505| |-187.44
251.051436|-40.268291|9506| |0.97
175.675508|-24.511151|9507| |-51.38
292.325956|-6.043163|9508| |-88.48
117.697578|-56.375159|9509| |-174.67
312.139383|-51.754893|9510| |-248.32
123.751678|66.322886|9511| |-175.23
353.381878|35.245216|9512| |-25.24
237.229119|7.188313|9513| |-231.08
128.805817|-0.787587|9514| |-71.45
46.701591|15.348445|9515| |-215.82
80.695583|-79.409352|9516| |-87.32
262.048404|-49.461742|9517| |-154.55
173.024668|69.811209|9518| |-25.38
148.485778|25.011011|9519| |-233.55
346.750084|-5.610768|9520| |-205.54
136.569828|37.159038|9521| |9.32
9.086454|18.465685|9522| |-90.82
199.383630|-72.927379|9523| |-230.40
347.757579|-71.900519|9524| |-265.96
283.407649|-10.027008|9525| |-136.73
71.172347|46.365455|9526| |-163.02
3.608060|-60.729043|9527| |-16.43
318.423557|76.149917|9528| |-202.34
115.214845|-62.992057|9529| |-91.59
62.703931|-37.469099|9530| |-244.60
186.755721|-10.271106|9531| |-284.90
161.848056|-48.283171|9532| |0.40
161.667047|2.853920|9533| |-258.35
157.305331|78.484479|9534| |-257.01
238.475281|-65.784407|9535| |-292.85
339.078954|-14.685189|9536| |-240.40
266.504529|46.378654|9537| |-120.18
253.377106|68.670835|9538| |-81.79
99.455386|75.414390|9539| |-231.63
9.731363|27.962892|9540| |-290.30
345.505811|-78.089003|9541| |-35.96
89.209814|-65.021589|9542| |-289.70
304.189671|-59.713029|9543| |-210.20
59.873765|-80.344098|9544| |-43.69
238.408615|-71.051725|9545| |-227.00
308.754565|-58.423202|9546| |2.89
132.523880|-48.692849|9547| |-24.51
124.758114|89.428496|9548| |-227.47
184.281851|-8.423857|9549| |-255.30
239.243859|47.889705|9550| |-10.52
237.713087|-89.128938|9551| |-141.94
184.062573|-44.911401|9552| |-99.86
30.928269|30.991320|9553| |-165.78
185.462657|-36.665139|9554| |-149.54
175.388384|44.842012|9555| |-247.40
9.072265|57.443921|9556| |-230.28
329.138540|-76.033684|9557| |-87.92
351.479115|15.725438|9558| |-209.19
260.903491|54.942556|9559| |-290.85
161.757404|16.718686|9560| |-144.68
47.397163|-52.870223|9561| |-56.33
223.535457|62.365775|9562| |-151.51
175.873855|-13.277866|9563| |-279.45
324.521311|-31.958496|9564| |-181.04
58.271802|-4.832876|9565| |-186.83
72.070284|-78.799673|9566| |-70.01
227.332886|89.501748|9567| |-247.28
342.670472|79.782300|9568| |-119.84
217.612423|-5.862772|9569| |-109.87
199.830950|88.101775|9570| |-85.80
148.431744|28.348159|9571| |-23.61
79.964066|43.703459|9572| |-86.47
244.285901|54.066215|9573| |-63.26
170.898558|33.487890|9574| |-71.57
180.324155|32.249535|9575| |-145.32
120.098575|-16.558459|9576| |-281.07
5.529724|-42.305107|9577| |-267.90
320.306484|33.552417|9578| |-192.79
85.630834|29.505917|9579| |-59.95
104.922903|8.049329|9580| |-115.92
119.820837|-22.675529|9581| |-185.70
118.145803|27.196513|9582| |-92.54
127.144068|-6.840523|9583| |-285.69
339.370574|0.099448|9584| |-261.53
342.612835|-5.045041|9585| |-115.35
344.860661|-38.292903|9586| |-208.54
198.153363|63.928220|9587| |-32.42
269.048632|28.221194|9588| |-211.72
321.645150|83.899018|9589| |-89.83
81.252855|25.863797|9590| |-228.73
352.481587|-88.298372|9591| |-103.31
177.221185|-10.077289|9592| |-29.16
212.347744|-69.399086|9593| |-132.31
220.627519|15.987685|9594| |-111.55
245.554256|37.491460|9595| |-52.81
277.410824|-89.405553|9596| |-222.21
305.211688|84.602893|9597| |-233.96
312.584714|-77.153169|9598| |-245.82
105.493105|30.289884|9599| |-108.31
168.278128|-88.675295|9600| |-86.36
54.944033|-67.989528|9601| |-56.18
134.264338|-85.742761|9602| |-281.20
299.503453|61.057063|9603| |-171.65
258.719579|8.873559|9604| |-201.19
60.375904|47.810410|9605| |-148.79
159.548720|-64.355719|9606| |-263.21
93.704317|73.947901|9607| |-247.09
341.577671|-8.380377|9608| |-32.25
162.784893|-37.290497|9609| |-31.50
136.612837|45.906400|9610| |-20.75
101.452449|-35.670747|9611| |-220.87
170.951846|13.859915|9612| |-86.05
159.676894|-82.738470|9613| |-268.82
110.847505|40.852994|9614| |-66.57
90.345643|49.731117|9615| |-77.10
354.294674|40.217047|9616| |-178.50
148.502288|56.405461|9617| |-4.80
121.574097|72.935062|9618| |-82.47
314.029146|61.321146|9619| |-266.12
73.553616|-53.404648|9620| |-40.34
144.312985|-7.034506|9621| |-142.87
352.912824|-85.408553|9622| |-196.13
256.376021|10.775787|9623| |-177.36
317.608466|81.429558|9624| |-79.36
35.979450|-19.425898|9625| |4.95
154.381183|-79.525545|9626| |-56.05
40.552593|33.835232|9627| |5.75
94.569718|43.104170|9628| |-77.69
340.093466|-44.265295|9629| |-160.09
233.247705|8.343427|9630| |-185.10
258.534401|22.676058|9631| |-93.61
324.088410|-86.100341|9632| |13.78
71.373999|-47.666774|9633| |-297.92
330.474852|35.248166|9634| |-78.92
264.890097|-37.688634|9635| |-89.15
276.580821|86.138447|9636| |-180.50
337.812234|-31.320040|9637| |-53.22
282.268486|-60.766261|9638| |-69.18
91.255611|-29.802089|9639| |-262.73
194.630022|42.282467|9640| |-208.79
91.424368|-51.928826|9641| |-227.16
328.529193|-50.926224|9642| |-241.12
184.224255|-44.549695|9643| |-247.40
42.781001|-47.626639|9644| |-265.31
36.662592|88.407976|9645| |-232.68
107.429798|-49.768494|9646| |-164.65
96.754623|-75.253075|9647| |-207.31
22.164476|6.978576|9648| |-145.05
104.375045|-41.121241|9649| |-249.63
14.575294|-70.432186|9650| |-42.10
134.120780|82.191090|9651| |-41.65
88.980890|-3.962497|9652| |-255.13
317.808626|-57.887029|9653| |-178.96
75.825575|0.052200|9654| |-52.40
156.574855|89.480253|9655| |-19.14
127.154463|-7.178296|9656| |-116.21
153.302689|-53.116240|9657| |-113.06
173.203064|-30.997781|9658| |-127.89
17.723532|-17.435837|9659| |-192.48
155.345496|-2.273676|9660| |-90.19
201.451041|-28.195760|9661| |-22.49
92.055927|-79.581734|9662| |-220.85
22.082985|-55.264223|9663| |-186.38
151.315569|-13.836843|9664| |-32.48
207.158354|67.191399|9665| |6.26
313.941727|-87.311309|9666| |-261.07
345.287058|18.397935|9667| |-206.45
95.131294|-6.196823|9668| |-156.16
101.343278|-41.507938|9669| |-255.60
315.210130|-8.373726|9670| |-34.13
211.225790|-77.683317|9671| |-188.40
35.565348|19.070044|9672| |-264.82
11.347129|-64.391478|9673| |-58.80
346.571432|69.453840|9674| |-112.97
163.684799|-41.506426|9675| |-141.61
70.483207|-17.169465|9676| |-1.06
215.454177|89.124848|9677| |-140.89
213.936789|-26.342392|9678| |-103.69
279.656982|38.939670|9679| |-118.55
21.443809|-32.343199|9680| |-130.61
57.510904|-25.596501|9681| |-41.34
325.949092|-32.931908|9682| |-208.03
66.050350|88.843586|9683| |-122.85
169.223762|18.774692|9684| |-150.59
36.062749|9.787119|9685| |-126.08
76.743824|-77.330658|9686| |-263.11
306.178412|-26.064849|9687| |-131.83
308.829708|-69.614031|9688| |-130.09
230.442444|7.209715|9689| |-272.45
197.647496|47.688223|9690| |-192.77
114.977395|-55.152744|9691| |7.46
23.931238|61.208444|9692| |-276.07
323.219329|55.122203|9693| |-120.89
100.474407|-17.477920|9694| |-188.85
272.572738|-13.245278|9695| |-213.23
45.141092|-79.181633|9696| |-84.15
168.395687|37.681939|9697| |-168.73
19.198479|-69.978692|9698| |8.77
179.770716|57.025101|9699| |-65.87
156.929895|59.633937|9700| |-11.43
11.312026|8.397539|9701| |-37.63
59.617580|-88.418482|9702| |-90.87
215.189407|84.930665|9703| |-283.52
46.639546|34.574719|9704| |-281.61
107.446652|-63.387574|9705| |-282.12
226.930300|87.869006|9706| |-49.42
15.910734|46.155887|9707| |-16.99
181.604305|62.689888|9708| |-67.38
14.801946|22.890091|9709| |-56.80
263.036731|42.443823|9710| |-144.12
30.678872|67.134589|9711| |-290.62
208.288820|-56.689253|9712| |-114.34
29.230282|82.481443|9713| |-182.49
351.543326|-1.697431|9714| |-166.41
219.010090|55.033875|9715| |-48.81
256.216649|8.929423|9716| |-167.74
168.281714|-46.943577|9717| |-200.38
354.538261|80.314361|9718| |-223.45
92.904139|83.412323|9719| |-285.70
133.481555|74.667864|9720| |-113.49
344.365120|-64.804914|9721| |-88.25
146.501763|-6.524172|9722| |-109.41
231.532109|-1.617625|9723| |-290.99
64.702714|9.130979|9724| |-147.89
334.223380|-78.381041|9725| |-125.20
104.293718|21.784293|9726| |-141.15
143.472583|48.385482|9727| |-212.31
195.327667|-44.346263|9728| |-284.23
69.318962|-86.556399|9729| |-181.97
80.789209|-67.291052|9730| |-203.77
281.495276|-38.070858|9731| |-53.68
306.533356|-51.598108|9732| |-53.32
153.988419|68.341351|9733| |-102.62
78.927217|-74.021938|9734| |-27.43
321.382000|70.949794|9735| |-4.23
194.778484|70.248959|9736| |-246.19
14.121685|-0.453303|9737| |-209.55
5.578124|2.913809|9738| |-265.73
233.385014|-0.191142|9739| |-213.23
344.668622|33.869574|9740| |-202.90
198.952228|23.401009|9741| |-86.53
100.618957|35.790138|9742| |-186.46
247.042086|-86.439045|9743| |-123.09
31.463371|15.383517|9744| |-125.74
267.562093|-3.585470|9745| |-185.88
123.333165|-49.882219|9746| |-17.00
50.386439|66.731260|9747| |-130.94
318.300363|58.858193|9748| |-97.97
265.356279|7.510222|9749| |13.90
240.286738|-47.379523|9750| |-210.73
184.055539|35.089506|9751| |-76.94
310.411434|17.875502|9752| |-79.91
251.353670|3.448905|9753| |-158.54
67.911213|2.230277|9754| |-50.35
325.569790|10.174138|9755| |-77.37
338.006932|22.725077|9756| |-225.56
232.446930|-20.241656|9757| |-105.94
170.828778|-48.728755|9758| |-183.82
7.527892|-81.579170|9759| |-194.72
67.643068|7.803769|9760| |-100.34
176.889658|-1.392462|9761| |-13.75
147.145239|-16.200625|9762| |-121.65
340.783237|53.879906|9763| |-135.14
295.430662|-88.129064|9764| |-15.02
301.184942|49.811722|9765| |-44.28
181.919140|29.840229|9766| |-249.16
92.425482|53.822961|9767| |-32.81
335.093549|-16.556573|9768| |-9.43
223.873954|56.724246|9769| |-77.52
105.342339|16.186739|9770| |-249.36
146.307411|64.485621|9771| |-100.58
1.716082|-4.205918|9772| |-131.00
320.195823|2.563914|9773| |-105.45
313.764028|65.782196|9774| |-55.37
59.205995|69.692745|9775| |-132.30
98.706373|-55.823133|9776| |-257.72
275.478053|-21.679630|9777| |-106.04
347.920005|66.247681|9778| |-66.75
276.569743|-84.462180|9779| |-211.05
270.146042|49.538501|9780| |-75.76
14.449623|-40.072540|9781| |11.49
162.713510|77.626324|9782| |-167.63
263.343021|-74.351126|9783| |-299.63
300.565728|75.858105|9784| |-161.66
8.831688|87.286268|9785| |-25.80
102.070411|51.024350|9786| |-123.82
128.053637|76.800924|9787| |-196.05
212.281287|27.214486|9788| |-0.86
343.635997|-72.713663|9789| |8.56
146.362589|-60.397321|9790| |-19.57
177.307314|58.728332|9791| |-138.36
95.988113|83.808950|9792| |-215.22
261.715698|19.871527|9793| |-221.05
139.201470|-10.702262|9794| |-255.91
198.194967|-76.912940|9795| |-28.74
347.468806|88.337656|9796| |-8.20
166.678744|19.862459|9797| |-196.08
306.172804|3.454824|9798| |-4.19
306.443528|-83.105686|9799| |-76.31
85.260075|37.014715|9800| |-31.44
99.771899|1.819375|9801| |-69.26
39.173997|-25.645428|9802| |-109.76
166.052137|-23.808762|9803| |-120.15
102.799859|30.073664|9804| |-71.69
226.584254|-8.405010|9805| |-57.89
301.550595|57.050611|9806| |-99.01
207.923117|-44.863058|9807| |-115.53
242.323339|-2.745987|9808| |-200.77
221.510980|-18.190432|9809| |-266.01
317.720836|-49.458314|9810| |-229.05
24.104180|-4.083791|9811| |-131.86
209.047668|-24.601109|9812| |-7.76
247.324202|-76.484094|9813| |-176.39
134.822651|7.922494|9814| |-61.29
124.673381|-60.417127|9815| |12.13
229.319620|4.597788|9816| |-67.92
111.724701|57.524233|9817| |-257.65
355.091280|-26.435695|9818| |-56.54
205.555721|23.295443|9819| |-299.18
179.048150|-7.827742|9820| |-222.68
199.548016|88.412542|9821| |-2.68
2.181487|28.111324|9822| |-6.46
96.913831|-53.960762|9823| |-38.91
354.226184|65.838805|9824| |-111.97
92.266148|-34.862287|9825| |9.62
186.682188|1.929839|9826| |-87.20
110.840206|87.411255|9827| |13.92
359.192407|78.670219|9828| |-10.56
84.075942|-1.871030|9829| |-241.36
288.129456|53.419609|9830| |-230.53
155.976173|89.196242|9831| |-16.87
164.270736|-4.439927|9832| |-15.61
350.095819|56.897356|9833| |-274.95
240.178589|-20.166800|9834| |7.76
334.454431|-3.895942|9835| |-186.54
67.200451|54.600791|9836| |-212.76
32.956999|84.164609|9837| |-34.62
221.208713|-33.414454|9838| |-94.37
276.864407|-76.623724|9839| |-36.93
14.383267|-84.801052|9840| |-214.37
121.813143|-80.052486|9841| |-257.06
282.045685|45.185508|9842| |-65.03
235.874935|77.389911|9843| |-274.77
10.242641|17.653968|9844| |-52.82
162.189295|-68.168675|9845| |-144.17
40.105113|-85.504358|9846| |-205.49
9.252663|33.084891|9847| |-181.66
275.172024|4.124991|9848| |-76.47
222.967419|-16.408563|9849| |12.39
79.432873|-73.453476|9850| |-128.24
345.111555|65.811500|9851| |-49.63
89.462587|59.071927|9852| |-213.66
244.511326|22.984357|9853| |-40.52
311.004338|63.902943|9854| |-74.47
62.990885|25.121198|9855| |-206.73
188.806836|32.919291|9856| |-100.29
67.299574|6.260766|9857| |-272.73
22.338940|-42.494603|9858| |-274.75
83.552436|36.030337|9859| |-276.31
142.450097|-35.643569|9860| |-140.77
90.809160|21.669325|9861| |-286.68
307.302061|13.365702|9862| |-217.81
75.181555|-26.879578|9863| |-182.71
202.768607|-70.797958|9864| |-138.49
240.965924|65.569154|9865| |-9.23
295.759614|64.863047|9866| |-262.80
49.867628|39.990079|9867| |-236.12
12.338879|-12.618773|9868| |-107.01
85.264749|76.974000|9869| |-83.26
254.209983|-58.724955|9870| |-219.93
270.270027|89.573656|9871| |-68.84
249.000671|60.795008|9872| |-99.31
196.472552|5.678337|9873| |-262.75
202.568101|-9.245325|9874| |-208.60
171.350592|-2.326496|9875| |-159.60
287.275661|-36.442462|9876| |-51.53
357.494008|-84.309964|9877| |-0.93
240.228738|56.572077|9878| |12.14
64.659299|63.363606|9879| |-145.07
41.956086|-35.090967|9880| |-34.73
295.118819|-76.384731|9881| |-146.39
184.243089|67.175749|9882| |-17.32
125.554780|41.662932|9883| |5.41
312.709970|84.558134|9884| |-19.98
234.840578|-71.648123|9885| |-289.37
138.864902|-33.633475|9886| |-270.91
55.896161|-61.900686|9887| |-280.00
145.914075|4.251914|9888| |-36.87
57.152233|63.935716|9889| |-3.34
17.693653|-70.931021|9890| |-109.18
89.058265|-17.424024|9891| |-285.78
336.951734|-88.709785|9892| |-249.72
342.587504|-9.801423|9893| |-161.55
213.909015|40.275118|9894| |-51.97
306.312188|84.644981|9895| |-59.22
23.290978|-72.723064|9896| |-51.39
287.560503|-34.196185|9897| |-115.23
322.318820|-17.313378|9898| |-61.03
32.542069|17.379431|9899| |9.80
349.891549|-15.656185|9900| |-78.07
326.124448|28.750944|9901| |-233.37
218.875030|7.555280|9902| |-246.78
83.217025|-84.429293|9903| |-245.23
304.604804|23.628004|9904| |-133.57
238.067499|84.025882|9905| |-253.24
85.083601|-69.383520|9906| |-0.34
192.842774|68.970545|9907| |-92.29
137.510803|0.085787|9908| |-100.09
40.601236|-34.637158|9909| |-50.89
34.232703|-5.308211|9910| |-296.99
280.141252|84.210431|9911| |11.78
263.596418|-7.271554|9912| |-172.32
195.254274|34.351934|9913| |-206.57
112.778023|45.885599|9914| |-164.88
37.529593|-39.986135|9915| |-220.56
355.780970|-48.811855|9916| |-57.09
281.979101|-59.306472|9917| |-237.46
60.423964|4.514638|9918| |3.82
132.912011|78.336897|9919| |-67.95
271.038290|-44.067173|9920| |-159.34
36.833394|60.375665|9921| |-123.32
55.122690|-34.196712|9922| |-186.07
3.158865|-36.185408|9923| |-288.12
127.621686|-74.092240|9924| |-67.73
303.015536|80.851503|9925| |-201.34
350.310744|54.354470|9926| |-222.72
52.646030|-1.814105|9927| |8.32
116.934308|33.116401|9928| |-211.06
285.366060|-47.824113|9929| |-13.77
187.560330|-13.781323|9930| |-172.70
169.074119|6.532653|9931| |-226.76
325.677405|70.642970|9932| |-208.76
105.356901|71.769676|9933| |-97.38
178.587156|-10.882664|9934| |-271.28
359.130715|22.374434|9935| |-236.92
92.228719|-87.179563|9936| |-236.41
271.819046|26.924544|9937| |-114.65
88.770804|-2.949060|9938| |-78.61
89.027772|51.582235|9939| |-151.61
238.661868|30.128206|9940| |-2.40
22.753101|-18.999918|9941| |-215.45
52.115208|-80.920277|9942| |-102.39
95.414695|-89.287835|9943| |-3.01
223.124193|21.776139|9944| |-8.09
87.179268|63.750898|9945| |-145.89
144.903562|30.730880|9946| |-182.58
69.707103|-75.219266|9947| |-102.04
248.611629|-62.382620|9948| |-181.62
39.180846|40.503235|9949| |-5.02
181.610272|-43.481428|9950| |-237.15
55.761649|11.525495|9951| |-51.55
339.141328|64.840262|9952| |-165.10
169.778343|-89.997141|9953| |-88.39
192.101245|-52.271867|9954| |-225.08
279.258017|-24.339924|9955| |-209.76
174.463661|30.330247|9956| |-126.05
250.426000|24.775822|9957| |-243.05
129.507386|20.309829|9958| |-274.86
207.930510|82.215525|9959| |-76.64
195.192152|-39.075137|9960| |-138.42
120.088523|-25.924598|9961| |-46.92
289.560016|86.948918|9962| |-297.57
270.948820|42.566095|9963| |-218.40
137.682114|74.856678|9964| |-125.75
273.419765|-21.342388|9965| |-67.40
29.102422|-66.280246|9966| |11.52
28.955932|60.029132|9967| |-95.66
127.671220|-66.854886|9968| |-50.19
172.184905|36.327810|9969| |-101.15
354.077427|-9.990130|9970| |-83.29
222.696649|81.105930|9971| |-45.35
267.840592|22.456603|9972| |-263.75
295.328954|-30.431543|9973| |-147.59
180.602632|20.532674|9974| |-166.07
124.373502|71.689274|9975| |-220.34
135.091365|72.501900|9976| |-208.59
247.249728|-33.875583|9977| |-123.69
255.372059|76.958536|9978| |-244.12
124.547726|-39.354342|9979| |-31.83
171.917327|37.624511|9980| |-265.47
356.037131|-27.174724|9981| |-52.42
11.802719|-31.575610|9982| |4.68
123.207747|-3.358290|9983| |-152.17
253.747207|63.840303|9984| |-241.80
155.824662|-21.495010|9985| |-45.88
112.337436|43.627798|9986| |3.60
145.028624|50.939634|9987| |-252.28
351.566635|-63.019800|9988| |-151.71
262.278678|72.032775|9989| |-144.95
201.183366|-63.761872|9990| |10.80
144.843205|61.577826|9991| |-115.34
341.742111|4.624371|9992| |-98.88
308.816060|59.652763|9993| |-188.92
107.756536|23.574261|9994| |-221.95
146.491915|-15.933380|9995| |-150.11
19.798596|74.067090|9996| |-16.98
20.250849|-67.569986|9997| |-219.40
153.929904|35.543964|9998| |-185.04
218.340039|-63.424102|9999| |-201.39
130.018315|84.723491|10000| |-198.70
108.266946|-55.146931|10001| |-16.60
212.933187|-40.815108|10002| |-140.10
136.704549|40.022075|10003| |-184.34
39.509117|35.770320|10004| |-185.55
70.090912|-28.871950|10005| |-248.08
127.798472|-11.361308|10006| |-56.58
4.735412|-61.017661|10007| |-150.10
207.692516|-80.959398|10008| |-88.20
214.402091|79.988222|10009| |-291.44
99.477379|-35.352870|10010| |-231.78
342.493084|29.077978|10011| |-25.97
98.828634|-39.368011|10012| |-79.45
209.534345|42.126957|10013| |-255.13
320.959733|-23.560321|10014| |-95.69
253.463048|24.544197|10015| |-74.42
285.300916|11.149315|10016| |-261.63
28.407325|-14.187093|10017| |-288.68
15.987491|49.612859|10018| |-142.25
165.390208|9.193786|10019| |-289.44
209.375709|13.650580|10020| |-208.14
243.229880|-63.631260|10021| |-3.79
329.496136|17.525386|10022| |-31.68
143.991164|-87.330132|10023| |-115.39
316.023499|48.059984|10024| |-157.34
4.347793|-8.759583|10025| |-135.73
255.862749|-11.055835|10026| |-167.67
183.253264|-70.897892|10027| |-289.98
319.424095|74.426579|10028| |7.00
265.584273|-29.125210|10029| |-158.62
33.319370|-65.844888|10030| |-80.50
245.530997|-20.777639|10031| |9.09
115.607333|-27.536997|10032| |-260.13
209.240852|-28.861581|10033| |-1.60
131.048538|-73.455738|10034| |-262.76
42.744362|-67.300330|10035| |-1.09
203.602540|-76.139836|10036| |-48.85
307.136195|-77.511099|10037| |-253.94
270.836736|-74.477894|10038| |-146.32
187.040797|-34.792700|10039| |-1.85
313.889742|25.842417|10040| |-153.39
219.281570|75.403775|10041| |-283.74
168.686014|86.239066|10042| |-46.20
11.671730|41.157321|10043| |8.10
323.951005|49.396908|10044| |-17.08
277.943558|-75.367278|10045| |-39.94
149.614425|-33.037526|10046| |-153.88
171.209863|-85.848007|10047| |-27.63
223.206606|20.406180|10048| |-48.93
92.551824|-61.049023|10049| |-274.15
92.333139|-43.143099|10050| |-217.66
200.990852|-80.442385|10051| |-249.07
216.135353|-10.644341|10052| |-282.95
272.636643|-63.124419|10053| |9.14
57.270704|44.676803|10054| |13.70
92.056048|73.483657|10055| |-58.91
307.035169|38.285708|10056| |-14.61
258.444921|-58.070604|10057| |-191.43
230.582930|13.911487|10058| |-217.55
278.081409|-40.115972|10059| |-80.97
197.498005|5.021735|10060| |-36.43
122.710075|-72.003060|10061| |-92.27
210.541647|-50.361633|10062| |-15.33
344.377651|-25.702882|10063| |-239.33
141.522000|38.120613|10064| |-68.86
215.385072|24.490645|10065| |-281.30
20.696663|78.770230|10066| |-39.80
46.986434|27.231533|10067| |-238.18
57.843741|-89.209190|10068| |-120.21
231.502384|-79.791429|10069| |-25.55
41.802747|-62.067926|10070| |4.78
244.163186|45.150866|10071| |-197.72
145.500149|57.742958|10072| |-0.89
24.131195|80.487028|10073| |0.41
190.752235|-17.016483|10074| |-113.58
284.979328|-67.257997|10075| |-193.66
248.414166|42.385425|10076| |-161.07
182.151034|-45.562979|10077| |-86.36
217.603193|-45.973113|10078| |-232.60
258.444543|53.529694|10079| |-250.38
333.878537|-62.498544|10080| |-49.77
264.605506|52.054161|10081| |-155.58
140.516258|-46.630432|10082| |-104.21
175.696931|-41.241019|10083| |-71.83
289.190872|56.608079|10084| |-74.29
81.448796|27.312203|10085| |-137.29
186.885858|-56.467667|10086| |-107.18
158.053522|-52.095266|10087| |13.10
66.312051|36.789048|10088| |-126.54
253.492218|41.295962|10089| |-291.04
159.559686|-85.888229|10090| |-174.42
178.143011|-27.094994|10091| |-212.32
322.569378|18.099484|10092| |-31.20
255.424952|-23.041030|10093| |-9.12
31.509439|-35.625551|10094| |-291.74
323.635117|-61.200215|10095| |-180.92
301.603247|47.456618|10096| |-224.36
229.926711|3.894956|10097| |-265.32
278.950596|46.984073|10098| |-239.63
311.312226|-45.337389|10099| |6.46
87.184762|64.836813|10100| |-49.70
104.852076|3.863133|10101| |-20.67
126.565964|37.895911|10102| |-32.66
237.187488|-61.782637|10103| |-258.43
175.151317|67.084789|10104| |-34.91
90.704614|-80.979118|10105| |-266.36
54.628730|3.667990|10106| |-224.12
150.225188|4.288019|10107| |-291.91
115.398408|-88.320193|10108| |-101.18
322.798766|-21.559084|10109| |-186.02
309.631942|-73.924222|10110| |-189.30
224.592859|28.042319|10111| |-9.57
77.350706|52.599331|10112| |-299.80
6.595628|-83.238174|10113| |-99.77
176.074479|-83.713964|10114| |-173.63
259.398461|-80.760093|10115| |-78.42
338.840852|-84.315286|10116| |-203.79
127.794841|-72.678109|10117| |-70.99
34.250618|-4.318991|10118| |-42.01
11.006557|-85.398904|10119| |-8.84
359.971317|18.114604|10120| |-205.27
58.882320|-87.978708|10121| |-98.07
119.881102|-58.182811|10122| |-223.20
286.385470|34.112161|10123| |-130.85
314.808776|34.496489|10124| |-298.92
312.833248|51.069149|10125| |-78.02
344.341638|-76.890526|10126| |-291.66
112.963859|-5.430930|10127| |-72.64
347.794044|70.695293|10128| |-90.10
199.443082|56.791530|10129| |-264.02
94.959407|63.537158|10130| |-39.61
98.996263|50.399284|10131| |-178.39
149.420898|-2.972889|10132| |-93.08
4.840825|-79.342446|10133| |-182.45
316.681871|13.178445|10134| |-281.27
203.366422|1.009919|10135| |-116.55
313.670694|-80.525030|10136| |-250.63
294.260089|43.863391|10137| |-212.88
263.488045|37.659099|10138| |-241.19
203.549252|-20.893971|10139| |-111.86
160.290922|70.090337|10140| |-122.79
135.435534|-69.480190|10141| |-285.61
43.657271|3.300106|10142| |-139.01
59.822824|-8.450059|10143| |-206.51
26.214111|62.386807|10144| |-213.66
257.904809|-13.038423|10145| |-61.81
28.050011|61.043241|10146| |-156.97
329.517172|-46.540619|10147| |-251.62
154.833047|-34.461602|10148| |-45.00
280.569207|27.977808|10149| |-113.16
160.103722|-68.658862|10150| |-117.10
101.694950|4.512370|10151| |-239.72
328.196006|24.962977|10152| |-293.28
154.221169|-65.234553|10153| |-286.84
194.029527|34.218875|10154| |-247.71
20.436480|-83.289342|10155| |-115.83
110.212648|-47.229489|10156| |-214.08
254.621777|-44.282904|10157| |-164.35
188.703916|-19.222881|10158| |-46.66
285.256337|-70.854453|10159| |-132.95
132.984201|89.564434|10160| |-1.84
137.615873|48.852316|10161| |-70.83
341.880869|42.747012|10162| |-85.72
240.325684|-62.940489|10163| |-137.21
169.305227|-24.468237|10164| |-5.84
246.754642|27.785770|10165| |-10.07
10.515851|-53.980248|10166| |8.51
106.372642|56.904195|10167| |-143.51
347.091682|15.114767|10168| |-73.72
17.328241|80.369160|10169| |-114.62
286.559763|-64.374764|10170| |-224.57
198.845236|15.365813|10171| |-298.38
170.972144|19.228953|10172| |-54.40
185.602292|83.967382|10173| |-201.57
166.657217|21.242511|10174| |-111.33
283.162746|-15.560116|10175| |-83.76
147.968957|-36.885897|10176| |-207.37
200.728389|19.830098|10177| |-64.42
294.959267|19.189023|10178| |3.67
18.369680|-48.097157|10179| |-117.07
279.982346|-79.280892|10180| |-181.77
132.541419|-73.630432|10181| |-208.46
137.179401|54.417370|10182| |-70.86
274.020251|-7.769894|10183| |-134.88
111.382213|-35.896210|10184| |-106.03
237.402014|12.550975|10185| |-212.18
32.573497|-27.661867|10186| |-253.18
318.201839|89.581425|10187| |-206.25
280.846298|37.457904|10188| |6.60
242.555501|61.074444|10189| |-185.63
168.176813|89.369458|10190| |-205.15
29.154183|73.109393|10191| |-187.92
266.647903|-30.086198|10192| |0.03
260.181358|47.821455|10193| |-42.61
27.273958|-31.963312|10194| |-200.12
72.282061|87.054640|10195| |-230.84
54.428543|34.806413|10196| |-62.13
23.637857|0.146114|10197| |-42.64
119.409267|53.252620|10198| |-207.52
124.198361|58.435440|10199| |-128.57
70.044571|6.787075|10200| |-256.28
13.904616|-68.091020|10201| |-91.35
111.690466|76.525267|10202| |-283.62
52.658988|-33.702923|10203| |-156.24
133.369580|22.284797|10204| |-217.14
14.801458|-77.365921|10205| |-208.10
61.463290|-82.277036|10206| |-124.66
213.086765|-66.969725|10207| |-214.05
138.547284|65.743065|10208| |-115.10
68.625870|29.399224|10209| |-143.04
295.780016|-11.276277|10210| |-20.27
341.932819|-38.957132|10211| |-53.85
315.085683|52.646984|10212| |-15.45
113.613953|69.626780|10213| |-135.98
252.026973|13.721133|10214| |-55.83
218.483779|8.857553|10215| |-50.18
257.964581|35.506205|10216| |-205.84
304.751423|-0.424392|10217| |-257.06
59.915824|8.244734|10218| |-282.42
67.877482|-72.063347|10219| |-259.22
299.716417|-70.496554|10220| |6.04
198.693782|-52.168948|10221| |-105.03
54.309685|55.123001|10222| |-62.81
291.661116|63.420142|10223| |-66.62
313.394032|75.878775|10224| |-124.73
250.032191|23.222283|10225| |-156.20
230.266025|3.190862|10226| |-156.38
62.658329|52.117800|10227| |-162.11
185.433111|-65.847233|10228| |-17.44
90.160679|62.745548|10229| |-144.34
159.934064|-14.686471|10230| |-201.28
322.677159|-58.096132|10231| |-79.19
218.619950|22.907211|10232| |-32.09
67.083891|-0.459529|10233| |-169.88
62.632820|2.471861|10234| |-52.88
81.735675|37.893772|10235| |-226.96
229.842942|-24.803456|10236| |-221.68
341.353236|26.264258|10237| |-114.95
106.094522|-42.685649|10238| |-39.76
228.317091|-1.707219|10239| |-18.35
140.550830|42.312101|10240| |-32.44
150.883159|-62.080300|10241| |-75.30
91.220296|-4.944080|10242| |-78.74
297.652225|27.766501|10243| |-40.69
60.755343|25.651653|10244| |0.64
339.764041|-40.498583|10245| |-287.68
196.334114|-24.259411|10246| |-158.52
56.494054|70.218199|10247| |-126.22
298.876459|16.158719|10248| |-246.06
203.411811|13.429412|10249| |-20.66
238.511684|-53.902783|10250| |-56.21
149.125955|-41.632501|10251| |-287.70
316.978963|58.464611|10252| |-49.75
224.561314|-13.370178|10253| |-24.47
234.531180|42.951523|10254| |-253.51
272.450705|-78.546221|10255| |-241.11
247.344728|-39.811607|10256| |-251.99
172.610482|80.449808|10257| |-150.91
277.650452|83.283295|10258| |-68.63
145.001441|-55.813053|10259| |-67.56
249.907541|49.620633|10260| |-117.42
255.652473|-16.974639|10261| |-138.77
6.986890|61.192591|10262| |-150.52
342.853961|23.329688|10263| |-246.68
210.558348|-76.480475|10264| |-66.16
266.931429|31.711486|10265| |-214.13
171.697205|-30.239275|10266| |-268.55
235.794954|19.108057|10267| |-19.42
270.307334|71.149867|10268| |-62.22
319.155923|4.694905|10269| |-186.06
179.476171|-43.980940|10270| |-133.96
230.905550|-29.312802|10271| |-90.63
240.234732|29.346240|10272| |5.06
295.945595|-45.481565|10273| |-34.29
188.846053|8.989415|10274| |-38.45
178.773250|51.639621|10275| |-208.25
287.870000|-56.720734|10276| |-196.55
297.690574|-7.632521|10277| |-110.11
81.376410|77.018560|10278| |-104.70
150.580963|-89.098390|10279| |-51.18
59.867942|46.427726|10280| |-146.72
197.597404|-29.649414|10281| |-15.39
128.860140|-21.620850|10282| |-113.54
20.956805|22.611723|10283| |-96.06
149.021673|-74.829975|10284| |-108.48
332.107326|-63.446942|10285| |-245.89
73.216089|-2.678571|10286| |-92.89
268.457269|77.383029|10287| |7.03
308.416947|31.261270|10288| |-152.18
75.896968|-88.652795|10289| |-19.22
213.560275|-8.749014|10290| |-168.22
111.031074|-40.514817|10291| |-108.46
161.351605|-26.517021|10292| |-95.46
95.955614|3.300785|10293| |-78.70
60.602332|-53.457811|10294| |-296.46
238.955786|-67.581082|10295| |13.77
351.452797|41.100696|10296| |-93.78
190.339659|86.378421|10297| |-266.00
120.637212|64.781908|10298| |-282.41
48.066551|51.673190|10299| |-89.66
23.462481|11.380951|10300| |-109.59
161.080710|40.239650|10301| |-64.74
69.348192|-39.059230|10302| |-226.04
36.894164|-57.039055|10303| |-32.53
304.145259|74.251413|10304| |-200.17
29.170734|-20.021661|10305| |-70.68
158.152435|-55.705850|10306| |6.50
67.087119|14.643751|10307| |-296.21
147.900960|-65.927729|10308| |-31.90
263.389778|-19.635003|10309| |9.10
175.944275|22.661156|10310| |-162.79
251.152380|85.744499|10311| |-215.98
116.215952|-30.076436|10312| |-66.66
232.631160|74.953942|10313| |-245.01
219.356010|-29.992111|10314| |-266.10
71.634203|27.147049|10315| |-99.87
86.312244|-0.303261|10316| |-271.54
120.030395|-50.569089|10317| |-239.38
294.414376|77.628139|10318| |-280.32
24.246612|84.330086|10319| |-127.20
92.605703|55.460646|10320| |-13.52
229.267373|7.790675|10321| |-25.91
148.229435|6.560303|10322| |-292.68
18.445244|66.479489|10323| |-105.43
334.125677|-25.438978|10324| |-249.52
46.098844|-4.986478|10325| |-123.69
22.188758|44.120693|10326| |-178.51
114.521620|70.653262|10327| |-280.43
333.177385|70.495190|10328| |-286.97
311.122196|16.241860|10329| |-196.20
65.747750|43.197947|10330| |-106.20
265.657341|31.415282|10331| |-281.55
125.326088|70.574369|10332| |-6.29
172.004949|21.873679|10333| |-167.95
277.631212|-47.369166|10334| |-273.26
55.085763|-33.504775|10335| |6.42
284.550927|-84.137742|10336| |-77.59
147.788218|-62.802852|10337| |-299.40
286.817360|-13.311844|10338| |0.16
263.381066|-26.977164|10339| |-88.29
136.468162|-35.402824|10340| |-53.92
73.120973|23.432159|10341| |-27.97
177.465318|71.384577|10342| |-81.05
215.035148|39.858161|10343| |-212.00
125.809893|24.188568|10344| |-124.32
92.910156|-79.787121|10345| |-18.53
112.907636|-21.282599|10346| |-56.50
122.801429|62.956711|10347| |-245.82
3.492783|-30.789491|10348| |-278.22
244.596921|-87.658462|10349| |-290.77
188.978364|87.871287|10350| |-35.84
139.629876|-79.917505|10351| |-188.71
280.644934|-62.159488|10352| |-116.63
16.455456|62.161282|10353| |-280.09
7.556350|-39.008197|10354| |-128.33
103.548803|-10.197783|10355| |-141.97
279.980932|35.994420|10356| |-73.43
140.968775|26.316224|10357| |-271.10
9.106599|-83.378063|10358| |-31.06
357.774117|18.683888|10359| |-75.89
125.869003|-61.925826|10360| |-261.06
261.452177|66.830550|10361| |-218.73
74.024922|-10.310580|10362| |-94.37
240.428234|-89.571406|10363| |-12.46
70.212450|40.832037|10364| |-255.09
193.634214|-8.128406|10365| |-52.36
90.071475|33.954388|10366| |-178.04
220.692205|-88.308010|10367| |-142.43
114.071556|-1.240930|10368| |-163.95
97.551882|-14.423167|10369| |-156.30
307.568574|-44.768058|10370| |-9.68
273.086992|-51.030489|10371| |-164.59
40.864445|69.714863|10372| |-124.97
144.342383|-11.361333|10373| |-95.31
171.000433|-6.314628|10374| |-196.76
98.104437|-39.607807|10375| |-148.90
42.743698|34.203248|10376| |-13.02
40.947594|-44.713666|10377| |-297.79
142.731950|15.579684|10378| |-152.75
116.401079|-87.730059|10379| |-208.68
